,input_a,input_b,operand,output,MR1_input_a,MR1_input_b,MR1_output,constant,MR2_input_a,MR2_input_b,MR2_output,MR3_input_a,MR3_input_b,MR3_output,MR4_input_a,MR4_input_b,MR4_output,MR1_checker,MR2_checker,MR3_checker,MR4_checker,Component 1,Component 2,Component 3,Component 4,Component 5,KMeans,segment
0,3,0,1,3.0,0.0,3.0,-3.0,5.0,15.0,0.0,15.0,8.0,5.0,3.0,-2.0,-5.0,3.0,0.0,1.0,1.0,1.0,-2.268466987101744,-0.5040028952486653,0.8457969885052005,-2.7954177040247474,-0.32547641697901025,1,seconds
1,7,5,1,2.0,5.0,7.0,-2.0,8.0,56.0,40.0,16.0,15.0,13.0,2.0,-1.0,-3.0,2.0,0.0,1.0,1.0,1.0,-0.7433483524855306,-2.101733482792824,2.873794777105182,1.5604134577041697,-0.6151221118091088,1,seconds
2,7,1,1,6.0,1.0,7.0,-6.0,7.0,49.0,7.0,42.0,14.0,8.0,6.0,0.0,-6.0,6.0,0.0,1.0,1.0,1.0,-0.7414979236276491,-0.7669763696594311,3.6511381599297663,-1.4129537019501213,-0.15662477677118958,1,seconds
3,4,0,1,4.0,0.0,4.0,-4.0,1.0,4.0,0.0,4.0,5.0,1.0,4.0,3.0,-1.0,4.0,0.0,1.0,1.0,1.0,-2.8973817662547066,1.6951635189265004,0.5489828842959075,-2.841738564971598,-0.6073921564143239,1,seconds
4,1,4,1,-3.0,4.0,1.0,3.0,2.0,2.0,8.0,-6.0,3.0,6.0,-3.0,-1.0,2.0,-3.0,0.0,0.0,1.0,1.0,-3.948147304444633,-0.07395014242626678,-2.066119592105399,-0.33924934105334215,0.639604760622792,3,fourth
5,2,1,1,1.0,1.0,2.0,-1.0,3.0,6.0,3.0,3.0,5.0,4.0,1.0,-1.0,-2.0,1.0,0.0,1.0,1.0,1.0,-2.9402770544144436,0.08418581088323912,-0.3802457724371709,-2.3958294222283016,-0.6993748379629836,1,seconds
6,3,6,1,-3.0,6.0,3.0,3.0,9.0,27.0,54.0,-27.0,12.0,15.0,-3.0,-6.0,-3.0,-3.0,0.0,0.0,1.0,1.0,-2.4033510669206577,-3.8140916762418176,-0.21803018105812388,2.291476728411542,1.20292082549441,3,fourth
7,9,5,1,4.0,5.0,9.0,-4.0,6.0,54.0,30.0,24.0,15.0,11.0,4.0,3.0,-1.0,4.0,0.0,1.0,1.0,1.0,-0.6993126734187762,-0.43285684562173615,3.618978640302603,1.5315786213547578,-0.7194399487915677,1,seconds
8,5,2,1,3.0,2.0,5.0,-3.0,6.0,30.0,12.0,18.0,11.0,8.0,3.0,-1.0,-4.0,3.0,0.0,1.0,1.0,1.0,-1.6300544074257648,-0.8556060385615267,1.822515200375188,-1.096278025427321,-0.4472933475033219,1,seconds
9,8,6,1,2.0,6.0,8.0,-2.0,0.0,0.0,0.0,0.0,8.0,6.0,2.0,8.0,6.0,2.0,0.0,0.0,1.0,1.0,-3.1588988844893753,2.8737827030749066,0.7553216209179276,1.418629698105883,0.5195940343041037,1,seconds
10,4,8,1,-4.0,8.0,4.0,4.0,3.0,12.0,24.0,-12.0,7.0,11.0,-4.0,1.0,5.0,-4.0,0.0,0.0,1.0,1.0,-3.322947477949134,-0.28305072070593784,-1.162532362698831,2.6710956494872677,0.2829657535939818,3,fourth
11,7,8,1,-1.0,8.0,7.0,1.0,0.0,0.0,0.0,0.0,7.0,8.0,-1.0,7.0,8.0,-1.0,0.0,1.0,1.0,1.0,-2.8812624516721823,2.5493956663272463,0.057817473311717306,1.9690385344795431,-1.8366351699990435,1,seconds
12,9,7,1,2.0,7.0,9.0,-2.0,3.0,27.0,21.0,6.0,12.0,10.0,2.0,6.0,4.0,2.0,0.0,1.0,1.0,1.0,-1.6705842303608944,1.2116506755602285,2.200411600651941,2.278286626452316,-1.2741953865919875,1,seconds
13,3,4,1,-1.0,4.0,3.0,1.0,9.0,27.0,36.0,-9.0,12.0,13.0,-1.0,-6.0,-5.0,-1.0,0.0,0.0,1.0,1.0,-2.2560280133883177,-3.3804044837224767,0.3269911991145729,0.8024565331778036,1.460355881484008,3,fourth
14,7,3,1,4.0,3.0,7.0,-4.0,8.0,56.0,24.0,32.0,15.0,11.0,4.0,-1.0,-5.0,4.0,0.0,1.0,1.0,1.0,-0.6053755386623388,-1.7023891059469205,3.407757920209042,0.1123227363733042,-0.3492391820024704,1,seconds
15,5,0,1,5.0,0.0,5.0,-5.0,2.0,10.0,0.0,10.0,7.0,2.0,5.0,3.0,-2.0,5.0,0.0,1.0,1.0,1.0,-2.47404230285444,1.473472716963236,1.3292415072106123,-2.6632585826849016,-0.47250592435626043,1,seconds
16,7,5,1,2.0,5.0,7.0,-2.0,8.0,56.0,40.0,16.0,15.0,13.0,2.0,-1.0,-3.0,2.0,0.0,1.0,1.0,1.0,-0.7433483524855306,-2.101733482792824,2.873794777105182,1.5604134577041697,-0.6151221118091088,1,seconds
17,3,5,1,-2.0,5.0,3.0,2.0,2.0,6.0,10.0,-4.0,5.0,7.0,-2.0,1.0,3.0,-2.0,0.0,0.0,1.0,1.0,-3.5860789191603546,0.3659425681589965,-1.1971374563019268,0.52512695471864,0.5891432853310753,3,fourth
18,9,5,1,4.0,5.0,9.0,-4.0,0.0,0.0,0.0,0.0,9.0,5.0,4.0,9.0,5.0,4.0,0.0,0.0,1.0,1.0,-2.9637666610648408,3.223643803896496,1.484632810884095,0.9833281273515196,0.7481920259135201,1,seconds
19,3,4,1,-1.0,4.0,3.0,1.0,7.0,21.0,28.0,-7.0,10.0,11.0,-1.0,-4.0,-3.0,-1.0,0.0,0.0,1.0,1.0,-2.6243466470991414,-2.28240711421273,-0.04167217090573528,0.551431813916096,1.2566623072558671,3,fourth
20,2,1,1,1.0,1.0,2.0,-1.0,4.0,8.0,4.0,4.0,6.0,5.0,1.0,-2.0,-3.0,1.0,0.0,1.0,1.0,1.0,-2.761070008587651,-0.40365267581226155,-0.20174269751619434,-2.334978165505761,-0.6062232486211846,1,seconds
21,3,7,1,-4.0,7.0,3.0,4.0,7.0,21.0,49.0,-28.0,10.0,14.0,-4.0,-4.0,0.0,-4.0,0.0,0.0,1.0,1.0,-2.817280508270207,-2.8299094559714293,-0.8260295299582716,2.662173685058084,0.8451661018203492,3,fourth
22,4,9,1,-5.0,9.0,4.0,5.0,2.0,8.0,18.0,-10.0,6.0,11.0,-5.0,2.0,7.0,-5.0,0.0,0.0,1.0,1.0,-3.5483196337627425,0.2476358285423861,-1.5809703996091653,3.0617143889534773,0.009914745444680613,3,fourth
23,6,0,1,6.0,0.0,6.0,-6.0,3.0,18.0,0.0,18.0,9.0,3.0,6.0,3.0,-3.0,6.0,0.0,1.0,1.0,1.0,-2.0127475782694906,1.2324899659015376,2.1543320615101815,-2.4782448162901987,-0.3455729182047734,1,seconds
24,5,0,1,5.0,0.0,5.0,-5.0,7.0,35.0,0.0,35.0,12.0,7.0,5.0,-2.0,-7.0,5.0,0.0,1.0,1.0,1.0,-1.2699670155624767,-1.0245522955689308,2.5856419598740668,-2.4123226030193257,-0.08751685648918968,1,seconds
25,1,3,1,-2.0,3.0,1.0,2.0,1.0,1.0,3.0,-2.0,2.0,4.0,-2.0,0.0,2.0,-2.0,0.0,1.0,1.0,1.0,-3.5537366878690566,0.6230039165992277,-1.722785938283145,-1.4842403180162087,-1.2685844816571488,3,fourth
26,5,0,1,5.0,0.0,5.0,-5.0,1.0,5.0,0.0,5.0,6.0,1.0,5.0,4.0,-1.0,5.0,0.0,1.0,1.0,1.0,-2.714857360312833,1.9730777194696696,1.0779614166779217,-2.713445778618017,-0.5495037379296746,1,seconds
27,1,1,1,0.0,1.0,1.0,0.0,9.0,9.0,9.0,0.0,10.0,10.0,0.0,-8.0,-8.0,0.0,1.0,1.0,1.0,1.0,-1.5830700209259683,-2.847597467536775,-0.4302354192223296,-2.3218377636265792,0.06888642827316811,4,five
28,1,6,1,-5.0,6.0,1.0,5.0,8.0,8.0,48.0,-40.0,9.0,14.0,-5.0,-7.0,-2.0,-5.0,0.0,0.0,1.0,1.0,-3.2088957842434547,-3.651534933210806,-1.763084213457518,1.8227128334146,1.0325219089400364,3,fourth
29,5,7,1,-2.0,7.0,5.0,2.0,9.0,45.0,63.0,-18.0,14.0,16.0,-2.0,-4.0,-2.0,-2.0,0.0,0.0,1.0,1.0,-1.8083216923256116,-3.6294424642026226,0.9260716446984677,3.344842671599634,1.1263543272162966,3,fourth
30,0,6,1,-6.0,6.0,0.0,6.0,6.0,0.0,36.0,-36.0,6.0,12.0,-6.0,-6.0,0.0,-6.0,0.0,0.0,1.0,1.0,-3.760015975070198,-2.7531201583481373,-2.6610256074146004,1.3582694879395618,0.7580207815464542,3,fourth
31,3,9,1,-6.0,9.0,3.0,6.0,1.0,3.0,9.0,-6.0,4.0,10.0,-6.0,2.0,8.0,-6.0,0.0,1.0,1.0,1.0,-3.40625128356277,0.7019983162900333,-2.034495324385133,2.257098466723212,-2.1278617842656034,3,fourth
32,6,8,1,-2.0,8.0,6.0,2.0,4.0,24.0,32.0,-8.0,10.0,12.0,-2.0,2.0,4.0,-2.0,0.0,0.0,1.0,1.0,-2.6595964144818782,-0.4124284575658668,0.21455167278470286,3.157920774009056,0.4896488346384129,3,fourth
33,9,5,1,4.0,5.0,9.0,-4.0,0.0,0.0,0.0,0.0,9.0,5.0,4.0,9.0,5.0,4.0,0.0,0.0,1.0,1.0,-2.9637666610648408,3.223643803896496,1.484632810884095,0.9833281273515196,0.7481920259135201,1,seconds
34,1,8,1,-7.0,8.0,1.0,7.0,5.0,5.0,40.0,-35.0,6.0,13.0,-7.0,-4.0,3.0,-7.0,0.0,0.0,1.0,1.0,-3.729379326823942,-2.2557022090467695,-2.649197195024231,2.668290984759688,0.3865516971692171,3,fourth
35,9,6,1,3.0,6.0,9.0,-3.0,7.0,63.0,42.0,21.0,16.0,13.0,3.0,2.0,-1.0,3.0,0.0,1.0,1.0,1.0,-0.47027397992090864,-1.239403566094864,3.6708245479154193,2.4007376939750666,-0.7743943043005462,1,seconds
36,5,0,1,5.0,0.0,5.0,-5.0,2.0,10.0,0.0,10.0,7.0,2.0,5.0,3.0,-2.0,5.0,0.0,1.0,1.0,1.0,-2.47404230285444,1.473472716963236,1.3292415072106123,-2.6632585826849016,-0.47250592435626043,1,seconds
37,4,0,1,4.0,0.0,4.0,-4.0,6.0,24.0,0.0,24.0,10.0,6.0,4.0,-2.0,-6.0,4.0,0.0,1.0,1.0,1.0,-1.7881946319244524,-0.7546316208595811,1.6933035084972017,-2.607137045576041,-0.20252002378081163,1,seconds
38,1,2,1,-1.0,2.0,1.0,1.0,3.0,3.0,6.0,-3.0,4.0,5.0,-1.0,-2.0,-1.0,-1.0,0.0,0.0,1.0,1.0,-3.7107216334964552,-0.37602657960398805,-1.4479478807204296,-1.4637141173469963,1.057527072535277,3,fourth
39,8,4,1,4.0,4.0,8.0,-4.0,5.0,40.0,20.0,20.0,13.0,9.0,4.0,3.0,-1.0,4.0,0.0,1.0,1.0,1.0,-1.196136534937033,0.10001675683165356,2.9374321004692088,0.5619886680677251,-0.6980196861370457,1,seconds
40,3,3,1,0.0,3.0,3.0,0.0,6.0,18.0,18.0,0.0,9.0,9.0,0.0,-3.0,-3.0,0.0,1.0,1.0,1.0,1.0,-1.6282054832270514,-1.2843100210027858,-0.12822669418580335,-0.8391045908598688,-0.4292661486163961,1,seconds
41,2,0,1,2.0,0.0,2.0,-2.0,9.0,18.0,0.0,18.0,11.0,9.0,2.0,-7.0,-9.0,2.0,0.0,1.0,1.0,1.0,-1.7913732526875163,-2.626001513030095,0.9632833671750377,-2.7752319795099294,-0.011747773917390398,1,seconds
42,3,5,1,-2.0,5.0,3.0,2.0,7.0,21.0,35.0,-14.0,10.0,12.0,-2.0,-4.0,-2.0,-2.0,0.0,0.0,1.0,1.0,-2.688657934156163,-2.464907894798963,-0.30312462392324724,1.2550124376300924,1.1194969054440278,3,fourth
43,5,6,1,-1.0,6.0,5.0,1.0,8.0,40.0,48.0,-8.0,13.0,14.0,-1.0,-3.0,-2.0,-1.0,0.0,0.0,1.0,1.0,-1.9474245038903888,-2.8099654184162084,0.9804769554586344,2.4273569563410295,1.1527304201865618,3,fourth
44,5,4,1,1.0,4.0,5.0,-1.0,2.0,10.0,8.0,2.0,7.0,6.0,1.0,3.0,2.0,1.0,0.0,1.0,1.0,1.0,-2.6377850539910437,1.0868977513526739,0.39401406582892784,-0.2582308268576477,-1.1056462697740157,1,seconds
45,1,3,1,-2.0,3.0,1.0,2.0,3.0,3.0,9.0,-6.0,4.0,6.0,-2.0,-2.0,0.0,-2.0,0.0,0.0,1.0,1.0,-3.756332441135181,-0.48984172884334704,-1.6872838596002695,-0.8419924414387462,0.903465923089358,3,fourth
46,8,0,1,8.0,0.0,8.0,-8.0,7.0,56.0,0.0,56.0,15.0,7.0,8.0,1.0,-7.0,8.0,0.0,1.0,1.0,1.0,-0.3807964470747027,-0.3644372358253311,4.576064939483885,-1.9686401869865138,0.014569365805569235,1,seconds
47,9,7,1,2.0,7.0,9.0,-2.0,2.0,18.0,14.0,4.0,11.0,9.0,2.0,7.0,5.0,2.0,0.0,1.0,1.0,1.0,-1.9545839712066353,1.8700394311205597,1.8981714770904499,2.07177870364313,-1.3648543067118881,1,seconds
48,3,9,1,-6.0,9.0,3.0,6.0,4.0,12.0,36.0,-24.0,7.0,13.0,-6.0,-1.0,5.0,-6.0,0.0,0.0,1.0,1.0,-3.4282542351318748,-1.2903438453284979,-1.8189927130074857,3.385826799321966,0.2019358832266602,3,fourth
49,9,4,1,5.0,4.0,9.0,-5.0,6.0,54.0,24.0,30.0,15.0,10.0,5.0,3.0,-2.0,5.0,0.0,1.0,1.0,1.0,-0.6396765062163288,-0.2675274728722216,3.8749019747856974,0.8484627345921981,-0.5780506100712086,1,seconds
50,1,3,1,-2.0,3.0,1.0,2.0,7.0,7.0,21.0,-14.0,8.0,10.0,-2.0,-6.0,-4.0,-2.0,0.0,0.0,1.0,1.0,-3.1528157390339695,-2.53998304012223,-1.1071683709614357,-0.4479370871531077,1.3257702275378669,3,fourth
51,9,2,1,7.0,2.0,9.0,-7.0,6.0,54.0,12.0,42.0,15.0,8.0,7.0,3.0,-4.0,7.0,0.0,1.0,1.0,1.0,-0.5204041718114335,0.06313127262680776,4.386748643751886,-0.5177690389329211,-0.2952719326304904,1,seconds
52,9,2,1,7.0,2.0,9.0,-7.0,1.0,9.0,2.0,7.0,10.0,3.0,7.0,8.0,1.0,7.0,0.0,1.0,1.0,1.0,-2.057280872404493,2.925789854510501,2.7373200625839726,-1.0386902291929403,-0.6429681105169949,1,seconds
53,5,0,1,5.0,0.0,5.0,-5.0,9.0,45.0,0.0,45.0,14.0,9.0,5.0,-4.0,-9.0,5.0,0.0,1.0,1.0,1.0,-0.7883369006456914,-2.0237623005817973,3.088202140939448,-2.311948211153095,0.06647877065763859,1,seconds
54,6,6,1,0.0,6.0,6.0,0.0,4.0,24.0,24.0,0.0,10.0,10.0,0.0,2.0,2.0,0.0,1.0,1.0,1.0,1.0,-1.4383602459702247,0.13331369229184428,0.5461356948602102,1.2916397899071324,-0.9361477477653409,1,seconds
55,8,5,1,3.0,5.0,8.0,-3.0,1.0,8.0,5.0,3.0,9.0,6.0,3.0,7.0,4.0,3.0,0.0,1.0,1.0,1.0,-2.348586982135096,2.4094586532695663,1.5235083047689497,0.5753935904696091,-1.1883835987905207,1,seconds
56,6,1,1,5.0,1.0,6.0,-5.0,0.0,0.0,0.0,0.0,6.0,1.0,5.0,6.0,1.0,5.0,0.0,0.0,1.0,1.0,-3.328065194813426,2.6101669815361523,0.8559396039216871,-1.6330594157629708,1.2295287722856227,1,seconds
57,7,4,1,3.0,4.0,7.0,-3.0,7.0,49.0,28.0,21.0,14.0,11.0,3.0,0.0,-3.0,3.0,0.0,1.0,1.0,1.0,-0.9344317847987145,-1.3144787114181307,2.8667808008772306,0.6977881691918677,-0.568120982206707,1,seconds
58,1,4,1,-3.0,4.0,1.0,3.0,6.0,6.0,24.0,-18.0,7.0,10.0,-3.0,-5.0,-2.0,-3.0,0.0,0.0,1.0,1.0,-3.3633310817617197,-2.192777085052024,-1.508120577604238,0.13666496103804215,1.0788048127053806,3,fourth
59,9,4,1,5.0,4.0,9.0,-5.0,9.0,81.0,36.0,45.0,18.0,13.0,5.0,0.0,-5.0,5.0,0.0,1.0,1.0,1.0,0.25439879501206175,-2.088151069022749,4.831384412279936,1.283803870456829,-0.3440892818881862,1,seconds
60,6,6,1,0.0,6.0,6.0,0.0,3.0,18.0,18.0,0.0,9.0,9.0,0.0,3.0,3.0,0.0,1.0,1.0,1.0,1.0,-1.6701022148935143,0.745593116367806,0.3056143498415965,1.1153972802113938,-1.0345125698365862,1,seconds
61,7,3,1,4.0,3.0,7.0,-4.0,3.0,21.0,9.0,12.0,10.0,6.0,4.0,4.0,0.0,4.0,0.0,1.0,1.0,1.0,-1.9291003340591084,1.149666769628195,2.0101345886375417,-0.4782532181038592,-0.7578211739644577,1,seconds
62,9,4,1,5.0,4.0,9.0,-5.0,8.0,72.0,32.0,40.0,17.0,12.0,5.0,1.0,-4.0,5.0,0.0,1.0,1.0,1.0,-0.04362630539740162,-1.4812765369725733,4.51255693311519,1.1386901585019522,-0.42207639128252705,1,seconds
63,1,4,1,-3.0,4.0,1.0,3.0,8.0,8.0,32.0,-24.0,9.0,12.0,-3.0,-7.0,-4.0,-3.0,0.0,0.0,1.0,1.0,-3.0709229704202627,-3.2521905563649023,-1.2291210703536575,0.37462211208373447,1.298404838746675,3,fourth
64,6,5,1,1.0,5.0,6.0,-1.0,2.0,12.0,10.0,2.0,8.0,7.0,1.0,4.0,3.0,1.0,0.0,1.0,1.0,1.0,-2.4772187052409786,1.2585222359439852,0.7116017035579528,0.47458579050675004,-1.2100195505970939,1,seconds
65,5,7,1,-2.0,7.0,5.0,2.0,5.0,25.0,35.0,-10.0,10.0,12.0,-2.0,0.0,2.0,-2.0,0.0,0.0,1.0,1.0,-2.640678566231105,-1.1502230347487703,0.07576660153141365,2.5710812532269487,0.7000928394840811,3,fourth
66,4,4,1,0.0,4.0,4.0,0.0,9.0,36.0,36.0,0.0,13.0,13.0,0.0,-5.0,-5.0,0.0,1.0,1.0,1.0,1.0,-0.8010182491826537,-2.8958890438674887,0.8771512842830353,0.374976297580864,-0.23903961113620043,1,seconds
67,5,3,1,2.0,3.0,5.0,-2.0,6.0,30.0,18.0,12.0,11.0,9.0,2.0,-1.0,-3.0,2.0,0.0,1.0,1.0,1.0,-1.6896905746282123,-1.0209354113110414,1.566591865892094,-0.41316213866476104,-0.5886826862236811,1,seconds
68,4,1,1,3.0,1.0,4.0,-3.0,6.0,24.0,6.0,18.0,10.0,7.0,3.0,-2.0,-5.0,3.0,0.0,1.0,1.0,1.0,-1.8478307991268998,-0.9199609936090958,1.4373801740141077,-1.9240211588134806,-0.3439093625011706,1,seconds
69,7,9,1,-2.0,9.0,7.0,2.0,2.0,14.0,18.0,-4.0,9.0,11.0,-2.0,5.0,7.0,-2.0,0.0,0.0,1.0,1.0,-2.943813524160096,1.0524405065242413,0.07321309461417333,3.45639342417623,0.1716501620387638,3,fourth
70,7,8,1,-1.0,8.0,7.0,1.0,1.0,7.0,8.0,-1.0,8.0,9.0,-1.0,6.0,7.0,-1.0,0.0,1.0,1.0,1.0,-2.6398930918656993,1.893127452028631,0.3096965469539266,2.1894774101321577,-1.7337990870640465,1,seconds
71,5,8,1,-3.0,8.0,5.0,3.0,0.0,0.0,0.0,0.0,5.0,8.0,-3.0,5.0,8.0,-3.0,0.0,1.0,1.0,1.0,-3.208356002371245,1.9742753161424749,-0.9553076600674473,1.7189867458803894,-1.9603652328749193,3,fourth
72,2,7,1,-5.0,7.0,2.0,5.0,0.0,0.0,0.0,0.0,2.0,7.0,-5.0,2.0,7.0,-5.0,0.0,1.0,1.0,1.0,-3.667410880344838,1.17389571659452,-2.2522467368596093,0.7835815979277192,-1.9792273670172538,3,fourth
73,9,3,1,6.0,3.0,9.0,-6.0,7.0,63.0,21.0,42.0,16.0,10.0,6.0,2.0,-4.0,6.0,0.0,1.0,1.0,1.0,-0.2773401187498434,-0.6919012243361642,4.455181906967956,0.2899958228330789,-0.36289809886502866,1,seconds
74,8,9,1,-1.0,9.0,8.0,1.0,2.0,16.0,18.0,-2.0,10.0,11.0,-1.0,6.0,7.0,-1.0,0.0,0.0,1.0,1.0,-2.742311487625881,1.3207087325181934,0.6246075926886198,3.5879531025838145,0.22556196757012525,3,fourth
75,0,5,1,-5.0,5.0,0.0,5.0,5.0,0.0,25.0,-25.0,5.0,10.0,-5.0,-5.0,0.0,-5.0,0.0,0.0,1.0,1.0,-3.822931113091563,-2.0505586166546816,-2.5166569423299463,0.538977180756723,0.781409557384358,3,fourth
76,0,7,1,-7.0,7.0,0.0,7.0,8.0,0.0,56.0,-56.0,8.0,15.0,-7.0,-8.0,-1.0,-7.0,0.0,0.0,1.0,1.0,-3.593250011243317,-4.061599500332407,-2.7159560772384865,2.395597163348424,0.8695283162250859,3,fourth
77,0,1,1,-1.0,1.0,0.0,1.0,8.0,0.0,8.0,-8.0,8.0,9.0,-1.0,-8.0,-7.0,-1.0,0.0,0.0,1.0,1.0,-3.1793315697737414,-2.8635663697946967,-1.1140666479269048,-1.9486750006441722,1.6671771056450013,3,fourth
78,2,1,1,1.0,1.0,2.0,-1.0,4.0,8.0,4.0,4.0,6.0,5.0,1.0,-2.0,-3.0,1.0,0.0,1.0,1.0,1.0,-2.761070008587651,-0.40365267581226155,-0.20174269751619434,-2.334978165505761,-0.6062232486211846,1,seconds
79,5,6,1,-1.0,6.0,5.0,1.0,7.0,35.0,42.0,-7.0,12.0,13.0,-1.0,-2.0,-1.0,-1.0,0.0,0.0,1.0,1.0,-2.1601888422213364,-2.2073319688894633,0.7623715761324527,2.2543813386992952,1.0503889851620278,3,fourth
80,3,6,1,-3.0,6.0,3.0,3.0,9.0,27.0,54.0,-27.0,12.0,15.0,-3.0,-6.0,-3.0,-3.0,0.0,0.0,1.0,1.0,-2.4033510669206577,-3.8140916762418176,-0.21803018105812388,2.291476728411542,1.20292082549441,3,fourth
81,3,1,1,2.0,1.0,3.0,-2.0,1.0,3.0,1.0,2.0,4.0,2.0,2.0,2.0,0.0,2.0,0.0,1.0,1.0,1.0,-3.1161667401261566,1.3377769848174097,-0.20827338989710997,-2.3892391493198013,-0.8277895981619321,1,seconds
82,7,3,1,4.0,3.0,7.0,-4.0,8.0,56.0,24.0,32.0,15.0,11.0,4.0,-1.0,-5.0,4.0,0.0,1.0,1.0,1.0,-0.6053755386623388,-1.7023891059469205,3.407757920209042,0.1123227363733042,-0.3492391820024704,1,seconds
83,6,2,1,4.0,2.0,6.0,-4.0,7.0,42.0,14.0,28.0,13.0,9.0,4.0,-1.0,-5.0,4.0,0.0,1.0,1.0,1.0,-1.1021994001805955,-1.1695155034935307,2.7262113803756485,-0.8572672169137286,-0.3278189193479484,1,seconds
84,0,5,1,-5.0,5.0,0.0,5.0,7.0,0.0,35.0,-35.0,7.0,12.0,-5.0,-7.0,-2.0,-5.0,0.0,0.0,1.0,1.0,-3.577828502643938,-3.1250229545425627,-2.293547603533066,0.8113300215972807,1.0174106831492689,3,fourth
85,8,4,1,4.0,4.0,8.0,-4.0,6.0,48.0,24.0,24.0,14.0,10.0,4.0,2.0,-2.0,4.0,0.0,1.0,1.0,1.0,-0.9170890651199115,-0.4972118006693051,3.2338436139415228,0.7038354879685982,-0.6160559637894166,1,seconds
86,7,3,1,4.0,3.0,7.0,-4.0,4.0,28.0,12.0,16.0,11.0,7.0,4.0,3.0,-1.0,4.0,0.0,1.0,1.0,1.0,-1.6643553749797548,0.5792555945131722,2.2896592549518417,-0.3601380272084267,-0.6761047755720602,1,seconds
87,4,1,1,3.0,1.0,4.0,-3.0,0.0,0.0,0.0,0.0,4.0,1.0,3.0,4.0,1.0,3.0,0.0,0.0,1.0,1.0,-3.6551587455124883,2.0350466313513804,-0.15718552945747766,-1.8831112043621245,1.1057987094097474,1,seconds
88,9,1,1,8.0,1.0,9.0,-8.0,3.0,27.0,3.0,24.0,12.0,4.0,8.0,6.0,-2.0,8.0,0.0,1.0,1.0,1.0,-1.3969193845285441,1.894541570996383,3.6364274739309774,-1.452043428997183,-0.34982848991647403,1,seconds
89,6,4,1,2.0,4.0,6.0,-2.0,9.0,54.0,36.0,18.0,15.0,13.0,2.0,-3.0,-5.0,2.0,0.0,1.0,1.0,1.0,-0.7486375570297633,-2.6903902814710463,2.7064656385155246,0.8205201020999948,-0.4223158264632151,1,seconds
90,7,2,1,5.0,2.0,7.0,-5.0,9.0,63.0,18.0,45.0,16.0,11.0,5.0,-2.0,-7.0,5.0,0.0,1.0,1.0,1.0,-0.26696905281681477,-2.0559566848022732,3.9597932766096915,-0.5140721703481325,-0.1388052556152738,1,seconds
91,5,5,1,0.0,5.0,5.0,0.0,1.0,5.0,5.0,0.0,6.0,6.0,0.0,4.0,4.0,0.0,1.0,1.0,1.0,1.0,-2.27984999075239,1.7717100975424818,-0.47612913076664215,0.053827272460959585,-1.126621609200768,1,seconds
92,8,0,1,8.0,0.0,8.0,-8.0,5.0,40.0,0.0,40.0,13.0,5.0,8.0,3.0,-5.0,8.0,0.0,1.0,1.0,1.0,-0.9762923455455395,0.692648616482838,3.939008964263911,-2.088615931176768,-0.11556658362152929,1,seconds
93,6,3,1,3.0,3.0,6.0,-3.0,5.0,30.0,15.0,15.0,11.0,8.0,3.0,1.0,-2.0,3.0,0.0,1.0,1.0,1.0,-1.6580453442116416,-0.23048588294815167,1.9505415261144001,-0.38338319088259,-0.6363703438511589,1,seconds
94,4,1,1,3.0,1.0,4.0,-3.0,1.0,4.0,1.0,3.0,5.0,2.0,3.0,3.0,0.0,3.0,0.0,1.0,1.0,1.0,-2.933642334184283,1.6156911853605784,0.32070514248490434,-2.2609463629662203,-0.7699011796772827,1,seconds
95,8,7,1,1.0,7.0,8.0,-1.0,1.0,8.0,7.0,1.0,9.0,8.0,1.0,7.0,6.0,1.0,0.0,1.0,1.0,1.0,-2.421108117994249,2.250513986137722,1.0669528211469437,1.7369779944803625,-1.5134016453164383,1,seconds
96,1,9,1,-8.0,9.0,1.0,8.0,3.0,3.0,27.0,-24.0,4.0,12.0,-8.0,-2.0,6.0,-8.0,0.0,0.0,1.0,1.0,-4.0299972869675305,-1.1727326242795018,-3.1232997328793055,2.8883376140107524,-0.02090097358615519,3,fourth
97,3,1,1,2.0,1.0,3.0,-2.0,3.0,9.0,3.0,6.0,6.0,4.0,2.0,0.0,-2.0,2.0,0.0,1.0,1.0,1.0,-2.719797387287887,0.34280806232797423,0.19356469132970747,-2.261002851766713,-0.6494396453849107,1,seconds
98,1,4,1,-3.0,4.0,1.0,3.0,5.0,5.0,20.0,-15.0,6.0,9.0,-3.0,-4.0,-1.0,-3.0,0.0,0.0,1.0,1.0,-3.5095351374324486,-1.6630703493955847,-1.6476203312295281,0.017686385515196208,0.9690047996847332,3,fourth
99,9,7,1,2.0,7.0,9.0,-2.0,7.0,63.0,49.0,14.0,16.0,14.0,2.0,2.0,0.0,2.0,0.0,1.0,1.0,1.0,-0.5345852669779305,-1.4219043466810968,3.4093720948979067,3.104318317689063,-0.9115597061123852,1,seconds
100,3,0,0,3.0,0.0,3.0,3.0,5.0,15.0,0.0,15.0,8.0,5.0,13.0,-2.0,-5.0,-7.0,1.0,1.0,0.0,0.0,1.0027662084111268,-0.3889230209233316,-1.3057613136079602,-3.4137995838350186,0.13247672863808535,4,five
101,7,5,0,12.0,5.0,7.0,12.0,8.0,56.0,40.0,96.0,15.0,13.0,28.0,-1.0,-3.0,-4.0,1.0,1.0,0.0,0.0,4.774603296019573,-1.3079693205892793,0.9661639230241245,1.2023788786871545,0.18498094820340538,2,third
102,7,1,0,8.0,1.0,7.0,8.0,7.0,49.0,7.0,56.0,14.0,8.0,22.0,0.0,-6.0,-6.0,1.0,1.0,0.0,0.0,3.3420113717314877,-0.5547617010789951,1.206347806982988,-1.8401354252338755,0.6796515171697713,2,third
103,4,0,0,4.0,0.0,4.0,4.0,1.0,4.0,0.0,4.0,5.0,1.0,6.0,3.0,-1.0,2.0,1.0,1.0,0.0,0.0,0.10162656047555883,2.2725612013872185,-1.4135005500672806,-3.2700336069244997,0.057551161584307634,4,five
104,1,4,0,5.0,4.0,1.0,5.0,2.0,2.0,8.0,10.0,3.0,6.0,9.0,-1.0,2.0,1.0,1.0,1.0,0.0,0.0,0.2267364603209659,1.1422958279870707,-3.2243602369572937,-1.307775144400825,-0.7710364006870488,4,five
105,2,1,0,3.0,1.0,2.0,3.0,3.0,6.0,3.0,9.0,5.0,4.0,9.0,-1.0,-2.0,-3.0,1.0,1.0,0.0,0.0,0.30046550942168443,0.5666912081083596,-2.2183137100199812,-2.9783980518841715,-0.24846635107520135,4,five
106,3,6,0,9.0,6.0,3.0,9.0,9.0,27.0,54.0,81.0,12.0,15.0,27.0,-6.0,-3.0,-9.0,1.0,1.0,0.0,0.0,3.8382719464452335,-3.0194936341327114,-1.4361206358654095,1.247254827478643,-0.46059263474249945,2,third
107,9,5,0,14.0,5.0,9.0,14.0,6.0,54.0,30.0,84.0,15.0,11.0,26.0,3.0,-1.0,2.0,1.0,1.0,0.0,0.0,4.596720659918005,0.6714169377825666,1.6075925663766135,1.3590589766615697,0.4363488212032382,2,third
108,5,2,0,7.0,2.0,5.0,7.0,6.0,30.0,12.0,42.0,11.0,8.0,19.0,-1.0,-4.0,-5.0,1.0,1.0,0.0,0.0,2.471621228442031,-0.4226723084288494,-0.282511023614162,-1.5792849440810137,0.2324866496988649,4,five
109,8,6,0,14.0,6.0,8.0,14.0,0.0,0.0,0.0,0.0,8.0,6.0,14.0,8.0,6.0,14.0,1.0,0.0,1.0,1.0,-0.2602810419090831,4.730131746855073,-0.1920776073158641,1.7819608347479305,2.386353967283997,0,first
110,4,8,0,12.0,8.0,4.0,12.0,3.0,12.0,24.0,36.0,7.0,11.0,18.0,1.0,5.0,6.0,1.0,1.0,0.0,0.0,2.177069063807154,1.664897828343807,-2.1545949706294527,1.951540999559235,-0.6878586110429439,0,first
111,7,8,0,15.0,8.0,7.0,15.0,0.0,0.0,0.0,0.0,7.0,8.0,15.0,7.0,8.0,15.0,1.0,0.0,1.0,1.0,-0.2378687180407767,4.6754079493056295,-0.908034586330166,2.7770228339760084,2.036796938096407,0,first
112,9,7,0,16.0,7.0,9.0,16.0,3.0,27.0,21.0,48.0,12.0,10.0,22.0,6.0,4.0,10.0,1.0,1.0,0.0,0.0,3.5038152356525263,3.054222128429857,0.47129855826928246,2.2655790456963008,0.1940424585360926,0,first
113,3,4,0,7.0,4.0,3.0,7.0,9.0,27.0,36.0,63.0,12.0,13.0,25.0,-6.0,-5.0,-11.0,1.0,1.0,0.0,0.0,3.281406511849052,-2.9258587215134635,-1.205527494847732,-0.29231183019602436,-0.1836196886911458,2,third
114,7,3,0,10.0,3.0,7.0,10.0,8.0,56.0,24.0,80.0,15.0,11.0,26.0,-1.0,-5.0,-6.0,1.0,1.0,0.0,0.0,4.249922411980082,-1.2543761231453572,1.2027680573032231,-0.29700431950968914,0.4514742900840089,2,third
115,5,0,0,5.0,0.0,5.0,5.0,2.0,10.0,0.0,10.0,7.0,2.0,9.0,3.0,-2.0,1.0,1.0,1.0,0.0,0.0,0.6945789665316271,1.977671130409791,-0.7746327291472586,-3.066790798043899,0.2719842120907987,4,five
116,7,5,0,12.0,5.0,7.0,12.0,8.0,56.0,40.0,96.0,15.0,13.0,28.0,-1.0,-3.0,-4.0,1.0,1.0,0.0,0.0,4.774603296019573,-1.3079693205892793,0.9661639230241245,1.2023788786871545,0.18498094820340538,2,third
117,3,5,0,8.0,5.0,3.0,8.0,2.0,6.0,10.0,16.0,5.0,7.0,12.0,1.0,3.0,4.0,1.0,1.0,0.0,0.0,0.9580180844753083,1.8399691196104855,-2.4085016238237182,-0.29985930922751114,-0.5549496695822798,0,first
118,9,5,0,14.0,5.0,9.0,14.0,0.0,0.0,0.0,0.0,9.0,5.0,14.0,9.0,5.0,14.0,1.0,0.0,1.0,1.0,-0.1490911259844101,4.918225806383861,0.3815333315132021,1.3758565967069782,2.6445827422142854,0,first
119,3,4,0,7.0,4.0,3.0,7.0,7.0,21.0,28.0,49.0,10.0,11.0,21.0,-4.0,-3.0,-7.0,1.0,1.0,0.0,0.0,2.570213592499505,-1.5908589231363401,-1.5102815182912095,-0.4742228872521492,-0.2606260093948837,4,five
120,2,1,0,3.0,1.0,2.0,3.0,4.0,8.0,4.0,12.0,6.0,5.0,11.0,-2.0,-3.0,-5.0,1.0,1.0,0.0,0.0,0.5888075126690789,-0.031100143767995397,-2.0973691538828065,-2.950984604626849,-0.1902671715139191,4,five
121,3,7,0,10.0,7.0,3.0,10.0,7.0,21.0,49.0,70.0,10.0,14.0,24.0,-4.0,0.0,-4.0,1.0,1.0,0.0,0.0,3.3089580927237026,-1.6111861465392334,-1.8742042096019906,1.7145767208263814,-0.644646615959664,2,third
122,4,9,0,13.0,9.0,4.0,13.0,2.0,8.0,18.0,26.0,6.0,11.0,17.0,2.0,7.0,9.0,1.0,1.0,0.0,0.0,1.9039126627763263,2.515455679236256,-2.4777449814902806,2.4060928806864705,-0.803233808528076,0,first
123,6,0,0,6.0,0.0,6.0,6.0,3.0,18.0,0.0,18.0,9.0,3.0,12.0,3.0,-3.0,0.0,1.0,1.0,0.0,0.0,1.325486633772379,1.6634891103339295,-0.09093297684237259,-2.8570142050552914,0.4784640366907131,4,five
124,5,0,0,5.0,0.0,5.0,5.0,7.0,35.0,0.0,35.0,12.0,7.0,19.0,-2.0,-7.0,-9.0,1.0,1.0,0.0,0.0,2.340492065261998,-1.0558709592719229,0.15130205377154002,-2.981178829641788,0.5295299260247609,4,five
125,1,3,0,4.0,3.0,1.0,4.0,1.0,1.0,3.0,4.0,2.0,4.0,6.0,0.0,2.0,2.0,1.0,1.0,0.0,0.0,-0.24059925324044898,1.6771543736855168,-3.192564773739643,-2.0012463797469184,-0.7209247306028177,4,five
126,5,0,0,5.0,0.0,5.0,5.0,1.0,5.0,0.0,5.0,6.0,1.0,7.0,4.0,-1.0,3.0,1.0,1.0,0.0,0.0,0.3653963467855527,2.584379548346133,-0.9598196857310183,-3.083913191724321,0.2204750693040063,4,five
127,1,1,0,2.0,1.0,1.0,2.0,9.0,9.0,9.0,18.0,10.0,10.0,20.0,-8.0,-8.0,-16.0,1.0,1.0,0.0,0.0,1.6149266978573216,-3.254707453714948,-2.1256549630726527,-3.026172919972445,-0.030382277800899745,4,five
128,1,6,0,7.0,6.0,1.0,7.0,8.0,8.0,48.0,56.0,9.0,14.0,23.0,-7.0,-2.0,-9.0,1.0,1.0,0.0,0.0,2.6572645353009947,-2.8005450699976158,-2.8156938892151424,0.6981385203163477,-0.7587914250169794,4,five
129,5,7,0,12.0,7.0,5.0,12.0,9.0,45.0,63.0,108.0,14.0,16.0,30.0,-4.0,-2.0,-6.0,1.0,1.0,0.0,0.0,4.947886325840784,-2.5970099893119793,-0.2854000266228115,2.441549259580395,-0.33685709958139204,2,third
130,0,6,0,6.0,6.0,0.0,6.0,6.0,0.0,36.0,36.0,6.0,12.0,18.0,-6.0,0.0,-6.0,1.0,1.0,0.0,0.0,1.598955097935729,-1.6876342136795377,-3.6085667292101573,0.24647323705039306,-0.9737858321456273,4,five
131,3,9,0,12.0,9.0,3.0,12.0,1.0,3.0,9.0,12.0,4.0,10.0,14.0,2.0,8.0,10.0,1.0,1.0,0.0,0.0,1.185107409807488,2.9808874939534356,-3.121246306394268,2.0252913962096666,-0.97448525321948,0,first
132,6,8,0,14.0,8.0,6.0,14.0,4.0,24.0,32.0,56.0,10.0,12.0,22.0,2.0,4.0,6.0,1.0,1.0,0.0,0.0,3.257417611361691,1.4734293708779036,-0.9259224838653218,2.517972521821328,-0.3723031342661961,0,first
133,9,5,0,14.0,5.0,9.0,14.0,0.0,0.0,0.0,0.0,9.0,5.0,14.0,9.0,5.0,14.0,1.0,0.0,1.0,1.0,-0.1490911259844101,4.918225806383861,0.3815333315132021,1.3758565967069782,2.6445827422142854,0,first
134,1,8,0,9.0,8.0,1.0,9.0,5.0,5.0,40.0,45.0,6.0,13.0,19.0,-4.0,3.0,-1.0,1.0,1.0,0.0,0.0,2.0359145205300666,-0.669264126119197,-3.4109992240733966,1.703155728386083,-1.101776300648419,4,five
135,9,6,0,15.0,6.0,9.0,15.0,7.0,63.0,42.0,105.0,16.0,13.0,29.0,2.0,-1.0,1.0,1.0,1.0,0.0,0.0,5.328523345166576,-0.08075540742325832,1.7761633051133954,2.219307456612077,0.3177456328950753,2,third
136,5,0,0,5.0,0.0,5.0,5.0,2.0,10.0,0.0,10.0,7.0,2.0,9.0,3.0,-2.0,1.0,1.0,1.0,0.0,0.0,0.6945789665316271,1.977671130409791,-0.7746327291472586,-3.066790798043899,0.2719842120907987,4,five
137,4,0,0,4.0,0.0,4.0,4.0,6.0,24.0,0.0,24.0,10.0,6.0,16.0,-2.0,-6.0,-8.0,1.0,1.0,0.0,0.0,1.6526515062442206,-0.7127510155484102,-0.5996455956106421,-3.200756098792407,0.33497994028471123,4,five
138,1,2,0,3.0,2.0,1.0,3.0,3.0,3.0,6.0,9.0,4.0,5.0,9.0,-2.0,-1.0,-3.0,1.0,1.0,0.0,0.0,0.18061952755502303,0.34747249946423325,-2.850156056034211,-2.5218193007884953,-0.51048469340175,4,five
139,8,4,0,12.0,4.0,8.0,12.0,5.0,40.0,20.0,60.0,13.0,9.0,22.0,3.0,-1.0,2.0,1.0,1.0,0.0,0.0,3.557422216546765,1.1103131190510178,0.9016880937952642,0.3398059727726928,0.3974549494341053,2,third
140,3,3,0,6.0,3.0,3.0,6.0,6.0,18.0,18.0,36.0,9.0,9.0,18.0,-3.0,-3.0,-6.0,1.0,1.0,0.0,0.0,1.9844612413616782,-0.936604140401144,-1.5383454696119776,-1.27468655540081,-0.176362102977201,4,five
141,2,0,0,2.0,0.0,2.0,2.0,9.0,18.0,0.0,18.0,11.0,9.0,20.0,-7.0,-9.0,-16.0,1.0,1.0,0.0,0.0,1.7520848116079597,-2.9732394468401453,-1.3773498026880957,-3.5837006971775702,0.23921519931816937,4,five
142,3,5,0,8.0,5.0,3.0,8.0,7.0,21.0,35.0,56.0,10.0,12.0,22.0,-4.0,-2.0,-6.0,1.0,1.0,0.0,0.0,2.8164617592409047,-1.5976346642706378,-1.63158908206147,0.2553769821073612,-0.38863287824981047,2,third
143,5,6,0,11.0,6.0,5.0,11.0,8.0,40.0,48.0,88.0,13.0,14.0,27.0,-3.0,-2.0,-5.0,1.0,1.0,0.0,0.0,4.243717337126544,-1.8233589695400325,-0.37332339248199714,1.5340931586291662,-0.2184409568302574,2,third
144,5,4,0,9.0,4.0,5.0,9.0,2.0,10.0,8.0,18.0,7.0,6.0,13.0,3.0,2.0,5.0,1.0,1.0,0.0,0.0,1.3577261279303094,2.3509853176258635,-1.3199729168425154,-0.5502259153840978,-0.13524722162140768,0,first
145,1,3,0,4.0,3.0,1.0,4.0,3.0,3.0,9.0,12.0,4.0,6.0,10.0,-2.0,0.0,-2.0,1.0,1.0,0.0,0.0,0.3624985931830394,0.4207801886805885,-2.9834856063273145,-1.8725863503846332,-0.6175323539151766,4,five
146,8,0,0,8.0,0.0,8.0,8.0,7.0,56.0,0.0,56.0,15.0,7.0,22.0,1.0,-7.0,-6.0,1.0,1.0,0.0,0.0,3.473398774854133,-0.2940434602810844,1.9158320292441013,-2.3640135270691847,0.9467226160246673,2,third
147,9,7,0,16.0,7.0,9.0,16.0,2.0,18.0,14.0,32.0,11.0,9.0,20.0,7.0,5.0,12.0,1.0,1.0,0.0,0.0,2.9860761665886644,3.8396604476767107,0.17540926250081942,2.0947469756274795,0.19511838216007826,0,first
148,3,9,0,12.0,9.0,3.0,12.0,4.0,12.0,36.0,48.0,7.0,13.0,20.0,-1.0,5.0,4.0,1.0,1.0,0.0,0.0,2.493280918006995,0.6780749325728032,-2.61903282176839,2.599533927877535,-0.9375728034444987,0,first
149,9,4,0,13.0,4.0,9.0,13.0,6.0,54.0,24.0,78.0,15.0,10.0,25.0,3.0,-2.0,1.0,1.0,1.0,0.0,0.0,4.3665647684549524,0.6581718213292012,1.7319056267775843,0.6495508370409717,0.5591158879727897,2,third
150,1,3,0,4.0,3.0,1.0,4.0,7.0,7.0,21.0,28.0,8.0,10.0,18.0,-6.0,-4.0,-10.0,1.0,1.0,0.0,0.0,1.5686942860300155,-2.0919681813292685,-2.5653272715026585,-1.615266291660062,-0.41074760053989445,4,five
151,9,2,0,11.0,2.0,9.0,11.0,6.0,54.0,12.0,66.0,15.0,8.0,23.0,3.0,-4.0,-1.0,1.0,1.0,0.0,0.0,3.906252985528843,0.6316815884224704,1.9805317475795268,-0.7694654422002245,0.8046500215118927,2,third
152,9,2,0,11.0,2.0,9.0,11.0,1.0,9.0,2.0,11.0,10.0,3.0,13.0,8.0,1.0,9.0,1.0,1.0,0.0,0.0,1.719864522168178,4.058351744965157,0.5762226845049813,-1.1213325490715325,0.6790345874974472,0,first
153,5,0,0,5.0,0.0,5.0,5.0,9.0,45.0,0.0,45.0,14.0,9.0,23.0,-4.0,-9.0,-13.0,1.0,1.0,0.0,0.0,2.998857304754146,-2.2692877951446087,0.5216759669390593,-2.9469340422809434,0.632548211598346,2,third
154,6,6,0,12.0,6.0,6.0,12.0,4.0,24.0,24.0,48.0,10.0,10.0,20.0,2.0,2.0,4.0,1.0,1.0,0.0,0.0,2.861474929548967,1.36685570762052,-0.6652743765405367,1.17932316153578,-0.1477282090685928,0,first
155,8,5,0,13.0,5.0,8.0,13.0,1.0,8.0,5.0,13.0,9.0,6.0,15.0,7.0,4.0,11.0,1.0,1.0,0.0,0.0,1.9051782810721585,4.086581611181287,-0.29547981049485605,0.5196955085064039,0.22640651074971885,0,first
156,6,1,0,7.0,1.0,6.0,7.0,0.0,0.0,0.0,0.0,6.0,1.0,7.0,6.0,1.0,7.0,1.0,0.0,1.0,1.0,-1.4178765523092822,3.4203517939420838,-0.34287720367734603,-1.528535017480049,2.5091941972245313,0,first
157,7,4,0,11.0,4.0,7.0,11.0,7.0,49.0,28.0,77.0,14.0,11.0,25.0,0.0,-3.0,-3.0,1.0,1.0,0.0,0.0,4.080755871955686,-0.5750889244818886,0.842425115672207,0.34866418284465533,0.29563091060499136,2,third
158,1,4,0,5.0,4.0,1.0,5.0,6.0,6.0,24.0,30.0,7.0,10.0,17.0,-5.0,-2.0,-7.0,1.0,1.0,0.0,0.0,1.497301254281325,-1.4505359723734388,-2.7941799156097935,-0.9700881667206062,-0.5852108556532668,4,five
159,9,4,0,13.0,4.0,9.0,13.0,9.0,81.0,36.0,117.0,18.0,13.0,31.0,0.0,-5.0,-5.0,1.0,1.0,0.0,0.0,5.774951498141427,-1.5179554181223909,2.5925240444065767,0.9812214795972286,0.6030463358692068,2,third
160,6,6,0,12.0,6.0,6.0,12.0,3.0,18.0,18.0,36.0,9.0,9.0,18.0,3.0,3.0,6.0,1.0,1.0,0.0,0.0,2.4167610275404763,2.103335245632059,-0.8909102786009931,1.038383497367882,-0.16382192638984677,0,first
161,7,3,0,10.0,3.0,7.0,10.0,3.0,21.0,9.0,30.0,10.0,6.0,16.0,4.0,0.0,4.0,1.0,1.0,0.0,0.0,2.1728488781511053,2.175938575843475,0.007591167999443439,-0.7166611545355186,0.31229173696355506,0,first
162,9,4,0,13.0,4.0,9.0,13.0,8.0,72.0,32.0,104.0,17.0,12.0,29.0,1.0,-4.0,-3.0,1.0,1.0,0.0,0.0,5.305489254912603,-0.7925796716385266,2.3056512385302463,0.8706645987451427,0.5884028532370679,2,third
163,1,4,0,5.0,4.0,1.0,5.0,8.0,8.0,32.0,40.0,9.0,12.0,21.0,-7.0,-4.0,-11.0,1.0,1.0,0.0,0.0,2.132583651261504,-2.746951872553693,-2.5790897549360436,-0.8012446778804966,-0.49229808313637574,4,five
164,6,5,0,11.0,5.0,6.0,11.0,2.0,12.0,10.0,22.0,8.0,7.0,15.0,4.0,3.0,7.0,1.0,1.0,0.0,0.0,1.8062603351823157,2.74648623683958,-0.9802111337376351,0.268302612535034,-0.07810778528304907,0,first
165,5,7,0,12.0,7.0,5.0,12.0,5.0,25.0,35.0,60.0,10.0,12.0,22.0,0.0,2.0,2.0,1.0,1.0,0.0,0.0,3.1805721390628046,0.3904076948879626,-1.1103017586177522,1.8104912521691707,-0.39617921233806086,2,third
166,4,4,0,8.0,4.0,4.0,8.0,9.0,36.0,36.0,72.0,13.0,13.0,26.0,-5.0,-5.0,-10.0,1.0,1.0,0.0,0.0,3.696997342897781,-2.691208170948285,-0.5725189049720137,-0.08005627856381543,-0.0525086845977537,2,third
167,5,3,0,8.0,3.0,5.0,8.0,6.0,30.0,18.0,48.0,11.0,9.0,20.0,-1.0,-3.0,-4.0,1.0,1.0,0.0,0.0,2.701777119905084,-0.40942719197548405,-0.40682408401513304,-0.869776804460415,0.10971958292931326,2,third
168,4,1,0,5.0,1.0,4.0,5.0,6.0,24.0,6.0,30.0,10.0,7.0,17.0,-2.0,-5.0,-7.0,1.0,1.0,0.0,0.0,1.8828073977072741,-0.6995058990950449,-0.7239586560116132,-2.491247959171809,0.2122128735151596,4,five
169,7,9,0,16.0,9.0,7.0,16.0,2.0,14.0,18.0,32.0,9.0,11.0,20.0,5.0,7.0,12.0,1.0,1.0,0.0,0.0,2.7521549134833334,3.421972796465351,-1.0494544914041977,2.974254802449017,-0.3263919242288453,0,first
170,7,8,0,15.0,8.0,7.0,15.0,1.0,7.0,8.0,15.0,8.0,9.0,17.0,6.0,7.0,13.0,1.0,1.0,0.0,0.0,2.090492039976139,4.114811477397415,-1.1671823054946933,2.1607235660843402,-0.22622156599800922,0,first
171,5,8,0,13.0,8.0,5.0,13.0,0.0,0.0,0.0,0.0,5.0,8.0,13.0,5.0,8.0,13.0,1.0,0.0,1.0,1.0,-0.7274530294760809,4.032479306289365,-1.770564383617827,2.4113157876836597,1.7029958967504335,0,first
172,2,7,0,9.0,7.0,2.0,9.0,0.0,0.0,0.0,0.0,2.0,7.0,9.0,2.0,7.0,9.0,1.0,0.0,1.0,1.0,-1.5954317364220163,2.934716079785622,-2.922013039364083,1.2737974570580124,1.2936225889887747,0,first
173,9,3,0,12.0,3.0,9.0,12.0,7.0,63.0,21.0,84.0,16.0,10.0,26.0,2.0,-4.0,-2.0,1.0,1.0,0.0,0.0,4.589778844942376,-0.06042818402036512,2.1400859964241756,0.03050784853354724,0.7017662394598557,2,third
174,8,9,0,17.0,9.0,8.0,17.0,2.0,16.0,18.0,34.0,10.0,11.0,21.0,6.0,7.0,13.0,1.0,1.0,0.0,0.0,3.034902330385669,3.7241451688750487,-0.5733576613755034,3.1636421097031984,-0.16744462946243516,0,first
175,0,5,0,5.0,5.0,0.0,5.0,5.0,0.0,25.0,25.0,5.0,10.0,15.0,-5.0,0.0,-5.0,1.0,1.0,0.0,0.0,1.0540433632965818,-1.0422964970043298,-3.5723882800843407,-0.5642814846751681,-0.8962119625024343,4,five
176,0,7,0,7.0,7.0,0.0,7.0,8.0,0.0,56.0,56.0,8.0,15.0,23.0,-8.0,-1.0,-9.0,1.0,1.0,0.0,0.0,2.5229917768643526,-3.0716381938339725,-3.544588580537978,1.2388414598365642,-1.0271257130039615,4,five
177,0,1,0,1.0,1.0,0.0,1.0,8.0,0.0,8.0,8.0,8.0,9.0,17.0,-8.0,-7.0,-15.0,1.0,1.0,0.0,0.0,0.948949124745882,-2.9108586015022064,-2.834776177700682,-3.259308134753968,-0.2276456873621507,4,five
178,2,1,0,3.0,1.0,2.0,3.0,4.0,8.0,4.0,12.0,6.0,5.0,11.0,-2.0,-3.0,-5.0,1.0,1.0,0.0,0.0,0.5888075126690789,-0.031100143767995397,-2.0973691538828065,-2.950984604626849,-0.1902671715139191,4,five
179,5,6,0,11.0,6.0,5.0,11.0,7.0,35.0,42.0,77.0,12.0,13.0,25.0,-2.0,-1.0,-3.0,1.0,1.0,0.0,0.0,3.8179810657103936,-1.0965254060777103,-0.5765433288500217,1.396420386515273,-0.23851128710479955,2,third
180,3,6,0,9.0,6.0,3.0,9.0,9.0,27.0,54.0,81.0,12.0,15.0,27.0,-6.0,-3.0,-9.0,1.0,1.0,0.0,0.0,3.8382719464452335,-3.0194936341327114,-1.4361206358654095,1.247254827478643,-0.46059263474249945,2,third
181,3,1,0,4.0,1.0,3.0,4.0,1.0,3.0,1.0,4.0,4.0,2.0,6.0,2.0,0.0,2.0,1.0,1.0,0.0,0.0,-0.012448710763110177,2.0740922588199844,-2.006521957958068,-2.847104531198639,-0.20194080247806723,4,five
182,7,3,0,10.0,3.0,7.0,10.0,8.0,56.0,24.0,80.0,15.0,11.0,26.0,-1.0,-5.0,-6.0,1.0,1.0,0.0,0.0,4.249922411980082,-1.2543761231453572,1.2027680573032231,-0.29700431950968914,0.4514742900840089,2,third
183,6,2,0,8.0,2.0,6.0,8.0,7.0,42.0,14.0,56.0,13.0,9.0,22.0,-1.0,-5.0,-6.0,1.0,1.0,0.0,0.0,3.210623968608841,-0.8154799418769056,0.49686358472187375,-1.3162573233985662,0.412580418314876,2,third
184,0,5,0,5.0,5.0,0.0,5.0,7.0,0.0,35.0,35.0,7.0,12.0,19.0,-7.0,-2.0,-9.0,1.0,1.0,0.0,0.0,1.6835550496487692,-2.3594621632614774,-3.396119057534033,-0.3617883204652424,-0.8058255682497169,4,five
185,8,4,0,12.0,4.0,8.0,12.0,6.0,48.0,24.0,72.0,14.0,10.0,24.0,2.0,-2.0,0.0,1.0,1.0,0.0,0.0,4.007906829183248,0.39458334711637105,1.1661449339791625,0.4470959615707748,0.41607504501953274,2,third
186,7,3,0,10.0,3.0,7.0,10.0,4.0,28.0,12.0,40.0,11.0,7.0,18.0,3.0,-1.0,2.0,1.0,1.0,0.0,0.0,2.5882635849169002,1.489875636045709,0.2466265458601997,-0.6327297875303527,0.3401282475876459,2,third
187,4,1,0,5.0,1.0,4.0,5.0,0.0,0.0,0.0,0.0,4.0,1.0,5.0,4.0,1.0,5.0,1.0,0.0,1.0,1.0,-1.9074608637445862,2.777423150925819,-1.2054070009650066,-1.894242063772397,2.1753931558785573,0,first
188,9,1,0,10.0,1.0,9.0,10.0,3.0,27.0,3.0,30.0,12.0,4.0,16.0,6.0,-2.0,4.0,1.0,1.0,0.0,0.0,2.412540841884428,2.6143759931317274,1.2712758600279028,-1.629818656726872,0.836328421616652,0,first
189,6,4,0,10.0,4.0,6.0,10.0,9.0,54.0,36.0,90.0,15.0,13.0,28.0,-3.0,-5.0,-8.0,1.0,1.0,0.0,0.0,4.5281790049952395,-2.2219070698179273,0.6934982747794225,0.344454824700602,0.20971332358903072,2,third
190,7,2,0,9.0,2.0,7.0,9.0,9.0,63.0,18.0,81.0,16.0,11.0,27.0,-2.0,-7.0,-9.0,1.0,1.0,0.0,0.0,4.3869044014477865,-1.8936216066334994,1.5571000056728177,-0.982856281341857,0.6177972737337766,2,third
191,5,5,0,10.0,5.0,5.0,10.0,1.0,5.0,5.0,10.0,6.0,6.0,12.0,4.0,4.0,8.0,1.0,1.0,0.0,0.0,1.1138689221421767,3.15112657030454,-1.6565224035036432,-0.03866573709412988,-0.2623652124093766,0,first
192,8,0,0,8.0,0.0,8.0,8.0,5.0,40.0,0.0,40.0,13.0,5.0,18.0,3.0,-5.0,-2.0,1.0,1.0,0.0,0.0,2.701167751807933,0.9772492228869039,1.410962321921991,-2.4178596667540524,0.8675640081708125,2,third
193,6,3,0,9.0,3.0,6.0,9.0,5.0,30.0,15.0,45.0,11.0,8.0,19.0,1.0,-2.0,-1.0,1.0,1.0,0.0,0.0,2.6639979830033345,0.5305782474858953,-0.05768280338503477,-0.74798640394138,0.22094730230519133,2,third
194,4,1,0,5.0,1.0,4.0,5.0,1.0,4.0,1.0,5.0,5.0,2.0,7.0,3.0,0.0,3.0,1.0,1.0,0.0,0.0,0.2513210755468836,2.3859106057788995,-1.5528410936218058,-2.6609841159984606,-0.03901689475836889,4,five
195,8,7,0,15.0,7.0,8.0,15.0,1.0,8.0,7.0,15.0,9.0,8.0,17.0,7.0,6.0,13.0,1.0,1.0,0.0,0.0,2.204567311214808,4.3132804199646495,-0.574160897603906,1.73779449035848,0.033270398064365936,0,first
196,1,9,0,10.0,9.0,1.0,10.0,3.0,3.0,27.0,30.0,4.0,12.0,16.0,-2.0,6.0,4.0,1.0,1.0,0.0,0.0,1.4537729869511373,0.8606263239787184,-3.7834629080859354,2.02281135203854,-1.2598183169957362,0,first
197,3,1,0,4.0,1.0,3.0,4.0,3.0,9.0,3.0,12.0,6.0,4.0,10.0,0.0,-2.0,-2.0,1.0,1.0,0.0,0.0,0.6021905569163623,0.8592176059688409,-1.7198009142988548,-2.785743852575986,-0.09349566926207942,4,five
198,1,4,0,5.0,4.0,1.0,5.0,5.0,5.0,20.0,25.0,6.0,9.0,15.0,-4.0,-1.0,-5.0,1.0,1.0,0.0,0.0,1.1796600557912353,-0.8023280222833112,-2.901724995946668,-1.0545099111406606,-0.6316672419117123,4,five
199,9,7,0,16.0,7.0,9.0,16.0,7.0,63.0,49.0,112.0,16.0,14.0,30.0,2.0,0.0,2.0,1.0,1.0,0.0,0.0,5.574771511907977,-0.08753114855755634,1.6548557413431348,2.9489073259715872,0.18973876404014856,2,third
